label_combination,count,percentage
randomness + synthesized_image | interaction=no | time_based + visual,2096,0.11726530155533177
processed_image + randomness + synthesized_image | interaction=yes | time_based + visual,1861,0.10411771287904219
synthesized_image | interaction=no | time_based + visual,1543,0.08632650777665883
synthesized_image | interaction=yes | time_based + visual,1264,0.07071724292268099
processed_image + synthesized_image | interaction=yes | time_based + visual,1091,0.061038379769497594
randomness + synthesized_image | interaction=yes | time_based + visual,1028,0.05751370706053485
synthesized_image | interaction=no | static + visual,997,0.055779344298981764
processed_audio + synthesized_image | interaction=yes | auditory + time_based + visual,597,0.033400469956361194
processed_text + randomness + synthesized_text | interaction=yes | time_based + visual,379,0.021203983439632985
processed_image + synthesized_image | interaction=no | time_based + visual,363,0.020308828465928165
processed_text + synthesized_text | interaction=yes | static + visual,353,0.01974935660736265
randomness + synthesized_image | interaction=no | static + visual,336,0.018798254447801276
processed_image + synthesized_image | interaction=no | static + visual,312,0.01745552198724404
processed_image | interaction=no | static + visual,304,0.01700794450039163
randomness + synthesized_image + synthesized_text | interaction=yes | time_based + visual,283,0.01583305359740405
processed_audio + processed_image + randomness + synthesized_image + synthesized_sound | interaction=yes | auditory + time_based + visual,281,0.015721159225690947
synthesized_image + synthesized_text | interaction=yes | time_based + visual,261,0.01460221550855992
randomness + synthesized_text | interaction=yes | time_based + visual,250,0.013986796464137854
processed_text + synthesized_text | interaction=no | static + visual,231,0.012923799932863377
synthesized_text | interaction=yes | time_based + visual,217,0.012140539330871657
processed_text + synthesized_image + synthesized_text | interaction=no | static + visual,135,0.0075528700906344415
processed_image + synthesized_text | interaction=yes | time_based + visual,134,0.007496922904777889
processed_image + synthesized_image + synthesized_text | interaction=yes | time_based + visual,133,0.007440975718921338
processed_image + randomness + synthesized_image | interaction=no | time_based + visual,131,0.0073290813472082356
processed_text + synthesized_image | interaction=yes | time_based + visual,131,0.0073290813472082356
processed_image + randomness + synthesized_image + synthesized_sound | interaction=yes | auditory + time_based + visual,128,0.007161239789638581
synthesized_text | interaction=yes | static + visual,126,0.007049345417925478
processed_image + randomness + synthesized_image | interaction=no | static + visual,125,0.006993398232068927
processed_audio + synthesized_image + synthesized_sound | interaction=yes | auditory + time_based + visual,118,0.006601767931073067
synthesized_image + synthesized_text | interaction=no | time_based + visual,113,0.00632203200179031
synthesized_image + synthesized_sound | interaction=yes | auditory + time_based + visual,111,0.0062101376300772075
randomness + synthesized_image + synthesized_sound | interaction=yes | auditory + time_based + visual,107,0.005986348886651002
synthesized_image + synthesized_text | interaction=no | static + visual,106,0.00593040170079445
processed_text | interaction=yes | static + visual,105,0.005874454514937899
synthesized_image + synthesized_text | interaction=yes | static + visual,102,0.005706612957368244
processed_text + synthesized_text | interaction=yes | time_based + visual,98,0.005482824213942038
randomness + synthesized_text | interaction=no | static + visual,92,0.00514714109880273
processed_audio + randomness + synthesized_image | interaction=yes | auditory + time_based + visual,89,0.004979299541233076
synthesized_image | interaction=yes | static + visual,64,0.0035806198948192904
processed_text + randomness + synthesized_image | interaction=no | time_based + visual,64,0.0035806198948192904
processed_text + randomness + synthesized_text | interaction=no | static + visual,57,0.0031889895938234307
processed_text + randomness + synthesized_image + synthesized_text | interaction=yes | time_based + visual,57,0.0031889895938234307
synthesized_sound | interaction=yes | auditory + time_based + visual,55,0.0030770952221103277
processed_image + randomness + synthesized_sound | interaction=yes | auditory + time_based + visual,54,0.0030211480362537764
processed_audio + synthesized_image | interaction=no | time_based + visual,53,0.002965200850397225
processed_audio + synthesized_text | interaction=no | auditory + time_based + visual,49,0.002741412106971019
processed_audio + synthesized_sound | interaction=yes | auditory + time_based,49,0.002741412106971019
processed_audio + synthesized_image | interaction=yes | time_based + visual,48,0.002685464921114468
processed_text + randomness + synthesized_image | interaction=no | static + visual,48,0.002685464921114468
randomness + synthesized_image + synthesized_sound | interaction=no | auditory + time_based + visual,48,0.002685464921114468
processed_audio | interaction=yes | auditory + time_based,47,0.0026295177352579167
processed_text + synthesized_image | interaction=no | static + visual,45,0.0025176233635448137
randomness + synthesized_image + synthesized_text | interaction=no | static + visual,44,0.0024616761776882624
processed_audio + synthesized_sound | interaction=yes | auditory + time_based + visual,43,0.0024057289918317107
synthesized_sound + synthesized_text | interaction=yes | auditory + time_based + visual,42,0.0023497818059751594
processed_audio + processed_image + randomness + synthesized_image | interaction=yes | auditory + time_based + visual,37,0.0020700458766924022
processed_data + randomness + synthesized_image | interaction=yes | time_based + visual,35,0.0019581515049792997
processed_image + randomness + synthesized_image + synthesized_text | interaction=yes | time_based + visual,33,0.0018462571332661967
processed_text + randomness | interaction=yes | time_based + visual,31,0.001734362761553094
processed_image + synthesized_image + synthesized_text | interaction=no | static + visual,29,0.001622468389839991
randomness | interaction=yes | time_based + visual,29,0.001622468389839991
processed_text + randomness + synthesized_image | interaction=yes | time_based + visual,26,0.0014546268322703367
synthesized_image + synthesized_sound | interaction=no | auditory + time_based + visual,26,0.0014546268322703367
processed_text + randomness + synthesized_text | interaction=yes | static + visual,25,0.0013986796464137855
randomness + synthesized_image + synthesized_text | interaction=no | time_based + visual,23,0.0012867852747006825
synthesized_text | interaction=no | static + visual,23,0.0012867852747006825
none | interaction=no | static + visual,21,0.0011748909029875797
processed_image + processed_text + synthesized_image | interaction=no | static + visual,21,0.0011748909029875797
processed_audio + synthesized_image | interaction=no | auditory + time_based + visual,20,0.0011189437171310282
processed_audio + synthesized_image + synthesized_sound | interaction=no | auditory + time_based + visual,20,0.0011189437171310282
processed_text | interaction=yes | time_based + visual,19,0.001062996531274477
processed_image + randomness + synthesized_text | interaction=no | static + visual,17,0.0009511021595613741
processed_image + randomness | interaction=yes | time_based + visual,17,0.0009511021595613741
processed_text + randomness + synthesized_image + synthesized_sound | interaction=yes | auditory + time_based + visual,16,0.0008951549737048226
processed_audio | interaction=yes | auditory + time_based + visual,15,0.0008392077878482712
randomness + synthesized_sound + synthesized_text | interaction=yes | auditory + time_based + visual,15,0.0008392077878482712
processed_data + synthesized_image | interaction=yes | time_based + visual,15,0.0008392077878482712
randomness + synthesized_text | interaction=no | time_based + visual,14,0.0007832606019917199
processed_image + synthesized_text | interaction=no | static + visual,14,0.0007832606019917199
processed_image + processed_text | interaction=yes | static + visual,12,0.000671366230278617
processed_text + randomness + synthesized_image + synthesized_text | interaction=no | static + visual,12,0.000671366230278617
processed_audio + synthesized_image + synthesized_text | interaction=yes | auditory + time_based + visual,12,0.000671366230278617
none | interaction=no | static,11,0.0006154190444220656
processed_audio + randomness + synthesized_image | interaction=no | time_based + visual,11,0.0006154190444220656
processed_text + synthesized_image + synthesized_text | interaction=yes | time_based + visual,10,0.0005594718585655141
none | interaction=yes | static + visual,10,0.0005594718585655141
processed_audio + processed_image + synthesized_image + synthesized_sound | interaction=yes | auditory + time_based + visual,10,0.0005594718585655141
processed_audio + synthesized_sound + synthesized_text | interaction=yes | auditory + time_based + visual,10,0.0005594718585655141
randomness | interaction=no | static + visual,10,0.0005594718585655141
processed_audio | interaction=no | auditory + time_based,9,0.0005035246727089627
processed_image + randomness + synthesized_image + synthesized_text | interaction=no | time_based + visual,9,0.0005035246727089627
processed_image | interaction=yes | time_based + visual,9,0.0005035246727089627
processed_image + processed_text + synthesized_image | interaction=yes | time_based + visual,9,0.0005035246727089627
processed_audio + randomness + synthesized_image + synthesized_text | interaction=yes | auditory + time_based + visual,8,0.0004475774868524113
randomness + synthesized_image | interaction=yes | static + visual,8,0.0004475774868524113
processed_audio + processed_text + synthesized_image | interaction=yes | time_based + visual,8,0.0004475774868524113
synthesized_sound | interaction=yes | auditory + time_based,7,0.0003916303009958599
processed_audio + synthesized_text | interaction=yes | auditory + time_based + visual,7,0.0003916303009958599
processed_image + synthesized_image | interaction=yes | static + visual,7,0.0003916303009958599
processed_image + synthesized_image + synthesized_text | interaction=no | time_based + visual,6,0.0003356831151393085
synthesized_sound | interaction=no | auditory + time_based,6,0.0003356831151393085
processed_text | interaction=no | static + visual,6,0.0003356831151393085
processed_image + randomness | interaction=no | static + visual,6,0.0003356831151393085
processed_text + randomness + synthesized_text | interaction=no | time_based + visual,5,0.00027973592928275706
processed_audio + randomness + synthesized_image + synthesized_sound | interaction=no | auditory + time_based + visual,5,0.00027973592928275706
processed_audio | interaction=yes | time_based + visual,5,0.00027973592928275706
processed_text + synthesized_image | interaction=yes | static + visual,5,0.00027973592928275706
processed_audio + synthesized_text | interaction=yes | time_based + visual,4,0.00022378874342620565
processed_image + synthesized_image + synthesized_sound | interaction=yes | auditory + time_based + visual,4,0.00022378874342620565
processed_image + processed_text + synthesized_image + synthesized_text | interaction=no | static + visual,4,0.00022378874342620565
processed_audio + randomness + synthesized_image | interaction=no | auditory + time_based + visual,4,0.00022378874342620565
processed_image + processed_text | interaction=yes | time_based + visual,3,0.00016784155756965425
processed_image + processed_text + synthesized_image + synthesized_text | interaction=yes | static + visual,3,0.00016784155756965425
processed_text + randomness + synthesized_sound | interaction=yes | auditory + time_based,3,0.00016784155756965425
processed_image | interaction=no | time_based + visual,3,0.00016784155756965425
processed_text + randomness + synthesized_image + synthesized_text | interaction=yes | static + visual,3,0.00016784155756965425
processed_text + synthesized_image | interaction=no | time_based + visual,3,0.00016784155756965425
processed_audio + processed_image | interaction=yes | auditory + time_based + visual,3,0.00016784155756965425
processed_audio + processed_image + synthesized_image | interaction=yes | auditory + time_based + visual,3,0.00016784155756965425
randomness + synthesized_image + synthesized_text | interaction=yes | static + visual,3,0.00016784155756965425
processed_image + randomness + synthesized_text | interaction=yes | time_based + visual,3,0.00016784155756965425
processed_image + randomness + synthesized_image + synthesized_text | interaction=no | static + visual,3,0.00016784155756965425
processed_image + processed_text | interaction=no | static + visual,2,0.00011189437171310283
processed_audio + processed_text | interaction=yes | auditory + time_based + visual,2,0.00011189437171310283
processed_text + synthesized_image + synthesized_text | interaction=yes | static + visual,2,0.00011189437171310283
processed_audio + randomness + synthesized_image | interaction=yes | time_based + visual,2,0.00011189437171310283
processed_audio + synthesized_image + synthesized_text | interaction=yes | static + visual,2,0.00011189437171310283
processed_image + processed_text + randomness + synthesized_image | interaction=yes | time_based + visual,2,0.00011189437171310283
processed_image + processed_text + synthesized_image + synthesized_text | interaction=yes | time_based + visual,2,0.00011189437171310283
processed_audio + processed_image + randomness + synthesized_sound + synthesized_text | interaction=yes | auditory + time_based + visual,2,0.00011189437171310283
processed_audio + processed_image + randomness + synthesized_image + synthesized_sound + synthesized_text | interaction=yes | auditory + time_based + visual,2,0.00011189437171310283
processed_text + synthesized_sound | interaction=yes | auditory + time_based,2,0.00011189437171310283
processed_image + processed_text + randomness + synthesized_text | interaction=yes | time_based + visual,2,0.00011189437171310283
processed_audio + processed_text + synthesized_text | interaction=yes | auditory + time_based + visual,1,5.594718585655141e-05
processed_audio + processed_image + synthesized_text | interaction=yes | time_based + visual,1,5.594718585655141e-05
randomness + synthesized_sound | interaction=yes | auditory + time_based + visual,1,5.594718585655141e-05
processed_audio + processed_image | interaction=no | auditory + time_based + visual,1,5.594718585655141e-05
processed_audio + processed_image + randomness + synthesized_image + synthesized_text | interaction=yes | auditory + time_based + visual,1,5.594718585655141e-05
processed_image + randomness + synthesized_image + synthesized_text | interaction=yes | auditory + time_based + visual,1,5.594718585655141e-05
processed_text + synthesized_text | interaction=no | time_based + visual,1,5.594718585655141e-05
processed_audio + processed_image + synthesized_image + synthesized_sound + synthesized_text | interaction=yes | auditory + time_based + visual,1,5.594718585655141e-05
processed_image + synthesized_image + synthesized_sound | interaction=yes | time_based + visual,1,5.594718585655141e-05
processed_audio + processed_image + synthesized_image + synthesized_text | interaction=yes | auditory + time_based + visual,1,5.594718585655141e-05
processed_image + synthesized_image + synthesized_sound + synthesized_text | interaction=yes | auditory + time_based + visual,1,5.594718585655141e-05
processed_image + processed_text + randomness + synthesized_image | interaction=no | static + visual,1,5.594718585655141e-05
processed_text + randomness + synthesized_image + synthesized_text | interaction=no | time_based + visual,1,5.594718585655141e-05
processed_audio + processed_image + synthesized_image | interaction=no | auditory + time_based + visual,1,5.594718585655141e-05
processed_image + randomness + synthesized_image + synthesized_sound | interaction=no | auditory + time_based + visual,1,5.594718585655141e-05
processed_audio + randomness + synthesized_image + synthesized_text | interaction=yes | time_based + visual,1,5.594718585655141e-05
processed_audio + synthesized_image + synthesized_sound + synthesized_text | interaction=yes | auditory + time_based + visual,1,5.594718585655141e-05
processed_image + synthesized_image + synthesized_text | interaction=yes | static + visual,1,5.594718585655141e-05
processed_image + processed_text + synthesized_image + synthesized_text | interaction=no | time_based + visual,1,5.594718585655141e-05
synthesized_image + synthesized_sound + synthesized_text | interaction=yes | auditory + time_based + visual,1,5.594718585655141e-05
processed_image + processed_text + synthesized_text | interaction=no | static + visual,1,5.594718585655141e-05
processed_audio + synthesized_image + synthesized_text | interaction=yes | time_based + visual,1,5.594718585655141e-05
processed_image + synthesized_sound + synthesized_text | interaction=yes | auditory + time_based + visual,1,5.594718585655141e-05
processed_audio + processed_image + randomness + synthesized_image | interaction=yes | time_based + visual,1,5.594718585655141e-05
processed_image + randomness + synthesized_image | interaction=yes | static + visual,1,5.594718585655141e-05
randomness + synthesized_text | interaction=yes | static + visual,1,5.594718585655141e-05
processed_audio + randomness + synthesized_image + synthesized_sound | interaction=yes | auditory + time_based + visual,1,5.594718585655141e-05
processed_data + randomness + synthesized_image | interaction=no | time_based + visual,1,5.594718585655141e-05
none | interaction=yes | time_based + visual,1,5.594718585655141e-05
processed_audio + processed_image + synthesized_image + synthesized_sound | interaction=no | auditory + time_based + visual,1,5.594718585655141e-05
processed_audio + randomness + synthesized_text | interaction=yes | auditory + time_based + visual,1,5.594718585655141e-05
